"study_site","decade","bioregion","year","minyear","maxyear","area_start_X50.","max_area","lat","long","IRtrend_X50."
"R1_Angle",2000,"Temperate Northern Atlantic East",1996,1996,2016,11.7780904803744,40.68,-375257.232497839,6048286.87755785,0.0805199375588424
"R1_Carew",2000,"Temperate Northern Atlantic East",2008,2008,2016,3.54172330883162,8.07,-374333.625863917,6046451.38568936,0.0750373378473826
"R1_Cosheston",2000,"Temperate Northern Atlantic East",2008,2008,2014,0.27274339504916,1.77,-374118.658511182,6045983.61724968,0.254248677787133
"R1_Garron.pill",2000,"Temperate Northern Atlantic East",2008,2008,2016,4.86345746479747,5.59,-375074.176542602,6048062.82217525,0.0181999750961536
"R1_Hobbs.point",2000,"Temperate Northern Atlantic East",2008,2008,2016,1.95526366118944,3.49,-374509.260978404,6046833.56727373,0.0182535183610664
"R1_Pembroke.river",2000,"Temperate Northern Atlantic East",2007,2007,2014,90.9603780906788,99.36,-374100.303007876,6045943.67571888,0.0181788521568628
"R1_Pwllcrochan.flats",2000,"Temperate Northern Atlantic East",2008,2008,2016,0.126711498676365,3.85,-375005.371919141,6047913.10348099,0.494672999632638
"R1_Sprinkle.Pill",2000,"Temperate Northern Atlantic East",2008,2008,2016,0.360586691264012,0.87,-376348.021269011,6050834.70521928,0.0182824690487003
"T1_Faza",2000,"Tropical Indo Pacific",1986,1986,2016,7241.84224921505,8909.786,4115412.08640419,-262555.755376376,-0.00155311823082976
"T1_Gazi",2000,"Tropical Indo Pacific",1986,1986,2016,1078.58185861973,1114.1959,3953635.51261762,-547691.752149766,-0.00155824215956714
"T1_Vanga",2000,"Tropical Indo Pacific",1986,1986,2016,4762.92035173324,4909.5152,3928776.04679441,-575733.93269848,-0.00157515173856561
"T1_Watamu",2000,"Tropical Indo Pacific",1986,1986,2016,705.357787634708,1023.0403,4015478.63818321,-409907.796909495,-0.055795404011857
"W1_Chincoteague.Bay",2000,"Temperate Northern Atlantic West",1986,1986,2003,5752.47224992221,6900,-6508628.58509817,4567164.6763098,0.0186396762242325
"W1_Sinepuxent.Bay",2000,"Temperate Northern Atlantic West",1986,1986,2003,590.97848799132,743,-6482845.95165772,4591565.86829849,0.0578633573950765
"W1_Southern.Delmarva.Coastal.Bays",2000,"Temperate Northern Atlantic West",2001,2001,2003,29.4046531629509,158,-6594081.3096124,4482735.9892701,0.803975138396326
"W10_Mondego.Estuary..South.Arm.",2000,"Temperate Northern Atlantic East",1986,1986,2002,0.497142191707435,15,-761485.642122168,4806303.06674427,0.338925763707897
"W12_Northern.Great.Sandy.Strait",2000,"Southern Ocean",1998,1998,2002,1097.08742645315,3712,14405649.1363247,-3105582.58071003,0.3014643241774
"W12_Urangan",2000,"Southern Ocean",1998,1998,2002,33.2282283433163,92.26,14401941.0174191,-3087303.69923801,0.176010864011916
"W12_Wanggoolba.Creek",2000,"Southern Ocean",1998,1998,2002,17.7732991420757,134.7,14397707.9844818,-3105270.41024348,0.466409039687384
"W2_Sarasota.Bay",2000,"Tropical Atlantic",1950,1987,2001,4242.91335986167,4886,-7694085.49250957,3330284.73978694,0.00829658099979669
"W2_Tampa.Bay",2000,"Tropical Atlantic",1879,1982,2006,11445.3375888881,30970,-7694073.09196091,3382288.38544487,0.00958040112658031
"W2_Upper.Charlotte.Harbor",2000,"Tropical Atlantic",1982,1982,2002,8230.01979159552,7781,-7686334.17129718,3264948.56469538,0.0085416278311973
"W26.346_Wallis.Lake",2000,"Southern Ocean",1988,1988,2002,2254.51054892984,2374,13777482.3954265,-3912331.18595738,-0.00484921086369146
"W27_Esperance.Bay",2000,"Southern Ocean",1956,1956,2001,478.883701555212,585,10886728.7589774,-4103966.76610093,-0.00485351565337305
"W28_Warnbro.Sound",2000,"Southern Ocean",1953,1953,2002,237.123970271824,273,10448087.8907936,-3915667.62269629,-0.00484164986168086
"W3_Cala.Millo",2000,"Mediterranean",1956,1956,2001,NA,259.4,289011.929671295,4745220.75121327,-0.0157189056222222
"W3_Calvia",2000,"Mediterranean",1956,1956,2001,NA,313.1,207870.242327613,4735255.52265101,-0.00783697437777777
"W31_Eel.Pond..Waquoit.Bay",2000,"Temperate Northern Atlantic West",1987,1987,2000,0.073448547575344,14.3,-5901424.40036608,4957735.7812934,-0.462895443419633
"W34_Puget.Sound",2000,"Temperate North Pacific",2000,2000,2004,21253.0957206313,20990,-9586740.43085689,5632508.00091079,-0.0182302928278111
"W35.321_Melbourne.Palm.Bay..MP.",2000,"Tropical Atlantic",1943,1986,2005,186.752473661938,243.5897436,-7468512.13637942,3419556.18784695,0.0435336156197206
"W35.321_North.Vero..NV.",2000,"Tropical Atlantic",1943,1986,2005,253.417661967505,412.5786164,-7472213.26711054,3368680.14814165,0.00937928354392354
"W35.321_South.Vero..SV.",2000,"Tropical Atlantic",1943,1986,2005,179.395690270696,305.5467512,-7472480.48615961,3360981.53328948,0.0573823613838849
"W36.317_Bermuda",2000,"Tropical Atlantic",1997,1997,2004,NA,2100,-5846922.16491332,3913932.14077004,-0.0336646287142856
"W39_BIGMH...Big.Annenessex",2000,"Temperate Northern Atlantic West",1984,1984,2005,70.2873039840271,112,-6649179.50424005,4447578.15083109,0.0795251877015646
"W39_CB5MH...Chesapeake.Bay",2000,"Temperate Northern Atlantic West",1984,1984,2005,745.396998909807,1120,-6605533.14704504,4543564.01991652,-0.00253312939925097
"W39_CB6PH...Chesapeake.Bay",2000,"Temperate Northern Atlantic West",1984,1984,2005,339.609654368234,512,-6611697.01309694,4506595.64619448,-0.00647270024099374
"W39_CB7PH...Chesapeake.Bay",2000,"Temperate Northern Atlantic West",1984,1984,2005,3668.00389298547,4470,-6586349.8656121,4528858.44919938,-0.00643709566198941
"W39_CB8PH...Chesapeake.Bay",2000,"Temperate Northern Atlantic West",1984,1984,2005,4.16306765473002,4,-6639661.95532328,4450873.26684064,-0.106307250397465
"W39_East.River",2000,"Temperate Northern Atlantic West",1937,1953,2006,262.484433046904,488.71,-6649179.50424005,4447578.15083109,-0.00642454983367919
"W39_Fleets.Bay",2000,"Temperate Northern Atlantic West",1937,1953,2006,284.048809040652,543.09,-6648293.1933393,4449532.22500815,-0.00703631262705322
"W39_Jenkins.Neck",2000,"Temperate Northern Atlantic West",1937,1951,2006,246.995107508429,364.16,-6632506.89249681,4484336.71945975,-0.00759730207242015
"W39_JMSPH...James",2000,"Temperate Northern Atlantic West",1984,1984,2005,100.20562390386,114,-6564208.79093827,4562397.50746794,-1.18007545856621
"W39_LYNPH...Lynnhaven",2000,"Temperate Northern Atlantic West",1984,1984,2005,12.5808064671859,43,-6552653.6301789,4558068.90635699,-0.203974804029871
"W39_MOBPH...Mobjack",2000,"Temperate Northern Atlantic West",1984,1984,2005,3804.08634807623,4442,-6556672.2073979,4554302.30061124,-0.00645663768073705
"W39_Mumfort.Islands",2000,"Temperate Northern Atlantic West",1937,1953,2000,0.130162628834542,241.92,-6642209.90783733,4462944.21294715,-0.187456057293939
"W39_PIAMH...Piankatank",2000,"Temperate Northern Atlantic West",1984,1984,2005,145.28619290984,435,-6567488.95115593,4541647.33715811,0.101716289333086
"W39_POCMH...Pocomoke",2000,"Temperate Northern Atlantic West",1984,1984,2005,601.000116557752,776,-6554874.44235908,4568555.0336784,-0.0064234666630323
"W39_RPPMH...Rappahannock",2000,"Temperate Northern Atlantic West",1984,1984,2005,10.1719420122441,122,-6616738.9480619,4519050.86586033,-0.0468117975836797
"W39_TANMH...Tangier",2000,"Temperate Northern Atlantic West",1984,1984,2005,4505.63141578859,5996,-6620524.15196449,4510755.3992083,-0.00646206584023757
"W39_Vaucluse.Shores",2000,"Temperate Northern Atlantic West",1938,1955,2006,327.856385054308,405.18,-6636744.1183141,4474994.79040877,-0.00644839795600158
"W39_YRKPH...York",2000,"Temperate Northern Atlantic West",1984,1984,2005,289.220624318128,373,-6637816.87267649,4472629.65917085,-0.0077222544798413
"W4.350_Maquoit.Bay",2000,"Temperate Northern Atlantic West",1993,1993,2001,513.334592265725,570.1,-5722188.06536726,5203557.94900641,-0.00644438024962905
"W40_Bass.River",2000,"Temperate Northern Atlantic West",1994,1994,2000,0,5.86,-5868303.64704337,4966789.07367471,-0.253164973833333
"W40_Beverly.Harbor.Danvers.River",2000,"Temperate Northern Atlantic West",1995,1995,2001,0,4.11,-5870867.02403217,5069316.62217188,-0.0906303183333333
"W40_Boston.Harbor.North",2000,"Temperate Northern Atlantic West",1995,1995,2001,0,11.1,-5882219.95625153,5048687.27571261,0.399649212166667
"W40_Boston.Harbor.South",2000,"Temperate Northern Atlantic West",1995,1995,2001,0,73.06,-5882235.16830167,5048417.99776535,-0.242171603666667
"W40_Bournes.Pond",2000,"Temperate Northern Atlantic West",1994,1994,2000,0,18.91,-5903563.21992043,4957151.15211581,-0.0797421361666667
"W40_Buttermilk.and.Little.Buttermilk.Bays",2000,"Temperate Northern Atlantic West",1996,1996,2002,0,38.22,-5885527.48224014,4990138.70398083,-0.399649212166667
"W40_Cohasset.Harbor",2000,"Temperate Northern Atlantic West",1995,1995,2001,0,47,-5882763.74291786,5039061.37020198,0.00472137966666667
"W40_Duxbury.Plymout.h.Harbors",2000,"Temperate Northern Atlantic West",1995,1995,2000,0,906.03,-5884333.14582769,5011280.39458497,-0.0247447496000001
"W40_Gloucester.Harbor",2000,"Temperate Northern Atlantic West",1996,1996,2001,NA,18.37,-5853359.67771768,5078545.79841965,-0.0355750774
"W40_Herring.River",2000,"Temperate Northern Atlantic West",1994,1994,2000,0,3.4,-5846873.29138492,5005303.34160336,-0.124535733666667
"W40_Hyannis.Harbor",2000,"Temperate Northern Atlantic West",1994,1994,2000,0,68.35,-5874388.80342495,4965125.74496441,-0.0377910298333333
"W40_Lewis.Bay",2000,"Temperate Northern Atlantic West",1995,1995,2001,0,0.48,-5873867.32323236,4965268.28739418,0.172681988666667
"W40_Little.Pond",2000,"Temperate Northern Atlantic West",1994,1994,2000,0,5.96,-5884700.53475925,5004777.0149329,-0.138340839333333
"W40_Lower.Pleasant.Bay",2000,"Temperate Northern Atlantic West",1994,1994,2000,0,513.06,-5842824.80503809,4982593.88639173,-0.0136815281666668
"W40_Lynn.Harbor",2000,"Temperate Northern Atlantic West",1996,1996,2001,0,288.7,-5878713.98672852,5055057.95234208,-0.01963445
"W40_Manchester.Harbor",2000,"Temperate Northern Atlantic West",1996,1996,2001,NA,58.39,-5863893.58778522,5074791.47886558,-0.037746145
"W40_Marblehead.Harbor",2000,"Temperate Northern Atlantic West",1996,1996,2001,0,10.21,-5873045.73333445,5065357.70229442,-0.1310122578
"W40_Morris.Island",2000,"Temperate Northern Atlantic West",1994,1994,2000,0,68.57,-5849493.25888211,4973422.25012147,-0.0213212158333334
"W40_New.Bedford.Harbor.Outer..Cla.rks.Cove",2000,"Temperate Northern Atlantic West",1996,1996,2002,0,54.58,-5933507.95189808,4954525.09162355,-0.0179875285
"W40_Ryders.Cove.Crow.Pond.Bassing.Harbor",2000,"Temperate Northern Atlantic West",1994,1994,2000,0,59.29,-5845141.68351134,4979407.30564362,-0.0432377321666667
"W40_Salem.Harbor",2000,"Temperate Northern Atlantic West",1996,1996,2001,0,41.87,-5871322.03690108,5068489.82096011,-0.318964629
"W40_Scituate.Harbor",2000,"Temperate Northern Atlantic West",1995,1995,2000,NA,4.77,-5881171.50921488,5034056.77722097,-0.0277015804
"W40_Stage.Harbor.System",2000,"Temperate Northern Atlantic West",1994,1994,2000,0,104.59,-5848933.36490656,4974192.31526906,-0.0734646816666666
"W40_Three.Bays",2000,"Temperate Northern Atlantic West",1994,1994,2000,0,4.35,-5886337.01090493,4961859.79824228,-0.399649212166667
"W40_Upper.Pleasant.Bay",2000,"Temperate Northern Atlantic West",1994,1994,2000,0,120.82,-5841421.11404778,4984524.49032183,-0.0710494288333334
"W40_Wareham.River.Marks.Cove",2000,"Temperate Northern Atlantic West",1996,1996,2002,0,4.39,-5885527.48224014,4990138.70398083,-0.226477554
"W40_West.Falmouth.Harbor",2000,"Temperate Northern Atlantic West",1996,1996,2002,0,21.92,-5906449.6537552,4956362.16856851,-0.011297663
"W40_Westport.River...East.and.West.Branch",2000,"Temperate Northern Atlantic West",1996,1996,2002,0,273.05,-5947920.09196332,4955319.44691494,-0.0571163516666666
"W40_Weweantic.River",2000,"Temperate Northern Atlantic West",1996,1996,2002,0,20.63,-5885527.48224014,4990138.70398083,-0.132713144833333
"W40_Wild.Harbor",2000,"Temperate Northern Atlantic West",1996,1996,2002,0,8.06,-5904286.73966582,4956953.38379409,-0.0197541069999999
"W41_Mississippi.Sound",2000,"Tropical Atlantic",1992,1992,2003,NA,600,-8106158.19015211,3675565.89844618,-0.059363513
"W41_Mobile.Bay",2000,"Tropical Atlantic",1981,1981,2003,0,1105,-8045213.98475967,3681802.85151921,-0.0741777622272727
"W41_Perdido.Bay",2000,"Tropical Atlantic",2003,2003,2003,0,475,-7999659.84819779,3677466.89410635,NA
"W42.340_Inside.Cartagena.Bay",2000,"Tropical Atlantic",1940,1954,2001,103.144458415893,846,-7494609.22433591,1276231.67355482,0.0082566452766745
"W42.340_Outside.Cartagena.Bay",2000,"Tropical Atlantic",1940,1954,2001,34.9693992514062,165,-7497924.88058208,1280944.55581198,-0.000274532610604191
"W47_Sweden.west.coast",2000,"Temperate Northern Atlantic East",1980,1980,2000,NA,2000,746566.669558841,6735074.66591337,-0.04066661655
"W48_Glenan.Archipelago",2000,"Temperate Northern Atlantic East",1990,1990,2000,NA,400,-312106.035521188,5632112.76987026,0.0435318071
"W49_Medes.Islands",2000,"Mediterranean",1984,1984,2001,10.4373482492282,9,268320.459373033,5016672.4331437,0.0117785103769155
"W54_Caloosahatchee.River..Lower.Charlotte.Harbor",2000,"Tropical Atlantic",1982,1982,2002,3.79716603491534,242,-7682374.26556287,3235748.39251921,1.16224614854321
"W54_East.Wall..Upper.Charlotte.Harbor",2000,"Tropical Atlantic",1982,1982,2003,1536.57791606686,1548,-7686681.94838627,3267879.99072758,0.00886206628928995
"W54_Estero.Bay",2000,"Tropical Atlantic",1999,1999,2002,0,1008,-7680334.73791591,3221196.22536692,-0.0101017830000002
"W54_Lemon.Bay",2000,"Tropical Atlantic",1988,1988,2003,1166.36367609372,1110,-7686611.05643973,3267282.43987077,0.00887088597244741
"W54_Matlacha.Pass..Lower.Charlotte.Harbor",2000,"Tropical Atlantic",1982,1982,2002,3037.74928177595,3247,-7683034.03561799,3240455.89630733,0.00855276658663192
"W54_Middle.Harbor..Upper.Charlotte.Harbor",2000,"Tropical Atlantic",1982,1982,2003,63.1998494802959,76,-7687490.9554912,3274699.14173543,0.00886798542251462
"W54_Myakka.River..Upper.Charlotte.Harbor",2000,"Tropical Atlantic",1982,1982,2003,183.999808131351,218,-7688504.00797717,3283238.19885705,0.00884602983560718
"W54_Peace.River..Upper.Charlotte.Harbor",2000,"Tropical Atlantic",1982,1982,2003,165.286265381781,397,-7688303.98029924,3281552.15811245,-0.00148130257648831
"W54_Pine.Island.Sound..Lower.Charlotte.Harbor",2000,"Tropical Atlantic",1982,1982,2002,10996.4574104506,10647,-7684134.87783186,3240926.30382519,0.00854535876564327
"W54_Placida..Upper.Charlotte.Harbor",2000,"Tropical Atlantic",1982,1982,2003,1468.74882302616,1625,-7686520.12692496,3266515.99160531,0.0088243048337728
"W54_San.Carlos.Bay..Lower.Charlotte.Harbor",2000,"Tropical Atlantic",1982,1982,2002,1942.50360779946,2420,-7681356.04031526,3228483.28678553,0.00853412241550263
"W54_South.Harbor..Upper.Charlotte.Harbor",2000,"Tropical Atlantic",1982,1982,2003,3896.6179396624,3710,-7685794.28878434,3260397.87489408,0.00883158116877712
"W54_West.Wall..Upper.Charlotte.Harbor",2000,"Tropical Atlantic",1982,1982,2003,709.542585885206,790,-7687041.89639451,3270914.0058904,0.00885731196041416
"W57_Chaik.Bay",2000,"Temperate North Pacific",2001,2001,2003,0.106277140912291,0.1,-9159569.41426835,6616843.49693881,-0.0182465447133499
"W57_Crab.Bay",2000,"Temperate North Pacific",2001,2001,2003,1.91993796280446,1.78,-9153219.81076978,6657844.85357693,-0.0182153363110628
"W57_Funter.Bay",2000,"Temperate North Pacific",2001,2001,2003,7.92248338386977,7.9,-9039176.83895957,6699731.376911,-0.0182282722820522
"W57_Nakwasina",2000,"Temperate North Pacific",2001,2001,2003,0.577331500652972,0.58,-9230115.71453565,6610195.39049483,-0.0182336999858803
"W57_Pirates.Cove",2000,"Temperate North Pacific",2001,2001,2003,0.213662153251676,0.2,-9272938.91601256,6584348.57926347,-0.0182197871426139
"W57_Sandy.Cove",2000,"Temperate North Pacific",2001,2001,2003,0.755185707568146,0.7,-9270493.65815607,6583453.41186113,-0.0182489819571237
"W58.31_All.Kromme",2000,"Southern Ocean",1942,1980,2004,24.9249282567108,31.02,2210576.64538845,-4123199.68209292,0.0101138619437771
"W59_Canal.de.Ovar",2000,"Temperate Northern Atlantic East",1984,1984,2003,0,800,-743337.866685797,4862342.52759343,-0.225682403894737
"W63_Bahia.San.Quintin",2000,"Temperate North Pacific",1987,1987,2000,0,2390,-10608392.3128537,3695349.42961246,-0.0101494497692308
"W66_Turnbull.Creek",2000,"Tropical Atlantic",1943,1965,2003,87.5448874281595,151.45,-7456824.44486106,3503257.90025758,0.00884175870634672
"W68_Corner.Inlet...Duck.Point",2000,"Southern Ocean",1998,1998,2005,0,136,12562405.0330841,-4667915.40160099,-0.00134445742857154
"W68_Corner.Inlet...Lewis.Channel",2000,"Southern Ocean",1998,1998,2005,0,194.1,12584169.4735262,-4657330.98009741,-0.0357087497142857
"W68_Corner.Inlet..Granite.Island",2000,"Southern Ocean",1998,1998,2005,0,244.1,12570683.059119,-4663889.65524633,0.00187683342857145
"W68_Port.Phillip.Bay..Blairgowrie",2000,"Southern Ocean",2000,2000,2005,NA,5.94,12477297.6502196,-4605565.13177439,-0.2414288224
"W68_Port.Phillip.Bay..Pt.Richards",2000,"Southern Ocean",2000,2000,2005,NA,83.4,12485807.768034,-4578643.82253987,-0.2187020472
"W68_Port.Phillip.Bay.Kirk.Pt",2000,"Southern Ocean",2000,2000,2005,0,29.8,12490755.2824526,-4571054.20394391,0.1122575126
"W68_Western.Port.Rhyll",2000,"Southern Ocean",1999,1999,2005,0,16.2,12504875.7792314,-4627233.63608367,0.00188325916666672
"W68_Western.Port.Scrub.Point",2000,"Southern Ocean",1999,1999,2005,0,108.5,12516379.1240299,-4579745.6383905,0.000559707333333215
"W69_Portinho.da.Rabida",2000,"Temperate Northern Atlantic East",1983,1983,2006,0,30,-778636.166931517,4599149.44399931,-0.366169696130435
"W7.356_Kungalv",2000,"Temperate Northern Atlantic East",1985,1985,2000,0,794,782520.782150659,6665539.55559187,-0.107759170333333
"W7.356_Lysekil",2000,"Temperate Northern Atlantic East",1985,1985,2000,0,167,763065.362417775,6703610.23033984,-0.00147091826666668
"W7.356_Stenungsund",2000,"Temperate Northern Atlantic East",1985,1985,2000,0,290,776656.556566953,6677014.7654774,-0.0125984202
"W7.356_Stromstad",2000,"Temperate Northern Atlantic East",1985,1985,2000,0,190,730770.797552167,6766804.74847443,-0.0355781494666666
"W7.356_Uddevalla",2000,"Temperate Northern Atlantic East",1985,1985,2000,0,384,763942.14307207,6701894.53201139,-0.0825109696
"W9.348_Vaccares.Lagoon",2000,"Mediterranean",1993,1993,2003,2331.35019213801,4721.61,374397.451428859,5165739.83315252,0.0123388959306274
"X101_Amity",2000,"Southern Ocean",2004,2004,2013,2407.260137604,2375,14284016.4410981,-3335255.63539481,-0.00483666105738984
"X101_Chain",2000,"Southern Ocean",2007,2007,2013,722.396059906947,890.5660377,14284016.4410981,-3335255.63539481,-0.0048277251599935
"X101_Eastern.Banks",2000,"Southern Ocean",2004,2004,2013,9266.61784785808,10027.39726,14284016.4410981,-3335255.63539481,-0.00485485849481492
"X101_Maroom",2000,"Southern Ocean",2004,2004,2013,2099.29985811885,2309.782609,14284016.4410981,-3335255.63539481,-0.00487154124583201
"X101_Moreton",2000,"Southern Ocean",2004,2004,2013,3053.49374023697,4352.941176,14284016.4410981,-3335255.63539481,0.0426157572785465
"X101_Wanga.Wallen",2000,"Southern Ocean",2004,2004,2013,540.332124279148,524.057971,14284016.4410981,-3335255.63539481,-0.00483161728546996
"X104_Cleveland.Bay",2000,"Tropical Indo Pacific",2007,2007,2011,8430.79445965606,8161,14212556.4488178,-2358984.89012731,-0.343322694989425
"X106_Bajau",2000,"Tropical Indo Pacific",1970,1970,2012,0,4.2,10388140.9368346,153321.367461156,-0.0570927445952381
"X106_Beting.Bemban.Besar",2000,"Tropical Indo Pacific",1970,1970,2012,NA,26.1,10396297.2452667,149262.598870014,-8.31048809523803e-05
"X106_Labrador..inc.Pasir.Panjang.Beach.",2000,"Tropical Indo Pacific",1970,1970,2012,0,1.8,10402290.2500237,154967.574554479,-0.0666809942380952
"X106_Lazarus.Island",2000,"Tropical Indo Pacific",1970,1970,2012,NA,0.7,10407075.7481763,151178.654486363,0
"X106_Pasir.Laba",2000,"Tropical Indo Pacific",1970,1970,2012,0,7.1,10368989.5812838,155940.388804509,-0.0570927445952381
"X106_Pulau.Belakang.Mati",2000,"Tropical Indo Pacific",1970,1970,2012,NA,9.7,10404421.1484441,153559.225384961,-0.0901979369285714
"X106_Pulau.Biola",2000,"Tropical Indo Pacific",1970,1970,2012,NA,0.5,10395997.9860314,143942.519928318,0
"X106_Pulau.Hantu",2000,"Tropical Indo Pacific",1970,1970,2012,NA,1.8,10396920.2439353,151404.904820971,0
"X106_Pulau.Kusu",2000,"Tropical Indo Pacific",1970,1970,2012,NA,0.4,10407786.991234,151248.988550951,0
"X106_Pulau.Pawai",2000,"Tropical Indo Pacific",1970,1970,2012,NA,9.7,10394239.0914006,146545.380939007,0
"X106_Pulau.Samulun",2000,"Tropical Indo Pacific",1970,1970,2012,0,2.7,10392328.7386546,153808.598817859,-0.0570927445952381
"X106_Pulau.Satumu",2000,"Tropical Indo Pacific",1970,1970,2012,NA,0.1,10395853.5627035,143408.836556082,0
"X106_Pulau.Sekudu",2000,"Tropical Indo Pacific",1970,1970,2012,0,3.8,10421944.4161446,157254.245804814,0
"X106_Pulau.Semakau",2000,"Tropical Indo Pacific",1970,1970,2012,NA,9.8,10398784.7165211,149171.590259898,-0.00335901423809524
"X106_Pulau.Senang",2000,"Tropical Indo Pacific",1970,1970,2012,NA,6.8,10395636.907734,144731.388340819,0
"X106_Pulau.Sudong",2000,"Tropical Indo Pacific",1970,1970,2012,NA,16.1,10393675.1438349,149275.3057612,-0.0292587373571429
"X106_Pulau.Tekong",2000,"Tropical Indo Pacific",1970,1970,2012,0,129.3,10427061.7057976,157849.618768353,-0.0107036348571429
"X106_Pulau.Ubin",2000,"Tropical Indo Pacific",1970,1970,2012,0,27.9,10419040.2679881,156916.361609918,-0.0212321338809524
"X106_Sisters.Island",2000,"Tropical Indo Pacific",1970,1970,2012,NA,0.5,10405038.709111,150574.152371023,-0.0204809825238095
"X106_St.Johns.Island",2000,"Tropical Indo Pacific",1970,1970,2012,NA,0.5,10406732.3535718,150394.814072856,0
"X106_Tanjung.Changi..Teluk.Paku..Beting.Kusah..Tanah.Merah.Besar",2000,"Tropical Indo Pacific",1970,1970,2012,0,26.5,10425499.2457466,157667.833773946,-0.0570927445952381
"X106_Tanjung.Pandan..Cyrene.Reef.",2000,"Tropical Indo Pacific",1970,1970,2012,0,22.2,10396395.7244865,154281.773793595,9.77403809523804e-05
"X106_Tanjung.Pempang.Laut",2000,"Tropical Indo Pacific",1970,1970,2012,NA,17.2,10393952.4720079,152319.054476476,0
"X106_Tanjung.Raya",2000,"Tropical Indo Pacific",1970,1970,2012,0,16.9,10408772.3301475,155721.734571767,0
"X106_Tanjung.Semakau",2000,"Tropical Indo Pacific",1970,1970,2012,NA,11.3,10398330.5255443,150272.267854744,0
"X11_Tampa.Bay",2000,"Tropical Atlantic",1950,1982,2016,11917.4285308165,16857.2,-7693933.17769969,3384327.53194726,0.0101872530909803
"X111_Bellarine.Bank",2000,"Southern Ocean",1946,1962,2011,65.5827495637054,124,12486156.3673312,-4578293.39530809,-0.168994518321963
"X111_Blairgowrie",2000,"Southern Ocean",1939,1957,2011,4.59994461340758,9.2,12477822.1227076,-4605090.98947975,-0.139994257479229
"X111_St.Leonards",2000,"Southern Ocean",1946,1966,2011,3.45850167467598,5,12491895.2763805,-4583882.92334962,-0.01287165773726
"X112_Barnegat.Bay...Little.Egg.Harbor",2000,"Temperate Northern Atlantic West",2003,2003,2009,0,5260,-6336356.79927506,4740712.43975074,0.00403302033333327
"X114_Arade.River",2000,"Temperate Northern Atlantic East",2004,2004,2009,0,1.8,-733240.079081829,4448339.30732378,-0.2861492248
"X114_Costa.de.Gale",2000,"Temperate Northern Atlantic East",2006,2006,2010,0.001906538882275,0.13,-772626.9937076,4597502.33504896,0.0181353063601752
"X114_Ludo.Baiao",2000,"Temperate Northern Atlantic East",2001,2001,2004,0,0.03,-701852.025672771,4438745.57681343,-1.103071664
"X114_Mira.River",2000,"Temperate Northern Atlantic East",1984,1984,2010,0,80,-758700.761975571,4532499.24629805,-0.087736337
"X114_Mondego.River",2000,"Temperate Northern Atlantic East",1986,1986,2009,0.000130043391661,15,-761534.857896803,4806052.03175118,1.14547062017414
"X114_Obidos.Lagoon",2000,"Temperate Northern Atlantic East",1956,1956,2010,0,150,-761534.857896803,4806052.03175118,-0.0901339760185185
"X114_Ponta.do.Adoche",2000,"Temperate Northern Atlantic East",2003,2003,2009,0,1.0839,-773015.008849068,4597608.68964859,0.0790462831666667
"X114_Portinho.da.Arrabida",2000,"Temperate Northern Atlantic East",1946,2004,2011,0.003705930178484,10,-778380.661983053,4599079.41032383,-0.306677473271015
"X114_Ria.de.Alvor",2000,"Temperate Northern Atlantic East",1986,1986,2009,0.998706577692601,1.96,-769610.065100336,4470121.75891968,-0.0337674722688838
"X114_Ria.de.Aveiro",2000,"Temperate Northern Atlantic East",1984,1984,2010,252.12425567346,800,-744352.21790489,4859230.18893385,-0.0794621888601282
"X114_Ria.Formosa.lagoon",2000,"Temperate Northern Atlantic East",2001,2001,2007,0,5,-672829.245074134,4443400.21716617,0.264903616333333
"X116_Albenga...Loano..AL.",2000,"Mediterranean",1990,1990,2006,389.7729196872,385.2362196,675566.532794607,5244066.67499363,0.0131367543341665
"X116_Albissola.Marina...Celle.Ligure..AC.",2000,"Mediterranean",1990,1990,2006,36.1265798246412,68.10027523,694637.377642043,5259939.8123581,0.0454642727036163
"X116_Arenzano..AR.",2000,"Mediterranean",1990,1990,2006,122.393927536064,157.7511026,710138.578868598,5266201.171821,0.0130906975430406
"X116_Diano.Marina..DM.",2000,"Mediterranean",1990,1990,2006,422.32398919395,417.9281651,660860.983911582,5221239.54002668,0.0132063766044271
"X116_Isola.di.Bergeggi..BE.",2000,"Mediterranean",1990,1990,2006,58.4714805869349,83.46441532,687761.35610212,5256953.23067607,0.0131372249586829
"X116_Isola.Gallinara..GA.",2000,"Mediterranean",1990,1990,2006,70.2722585051826,158.9073664,671440.849369741,5234176.98321572,0.0131132633730666
"X116_Laigueglia..LA.",2000,"Mediterranean",1990,1990,2006,86.1027874339706,274.5865581,666575.637699116,5228956.31378224,0.0130618258089602
"X116_Noli...Spotorno..NS.",2000,"Mediterranean",1990,1990,2006,17.1084475519859,38.19864467,686231.110673968,5256372.40988916,0.0202154095788175
"X116_Pietra.Ligure..PL.",2000,"Mediterranean",1990,1990,2006,26.6021385929055,75.92012021,677248.01226547,5246006.91499514,-0.0439589877313818
"X116_Porto.Maurizio..PM.",2000,"Mediterranean",1990,1990,2006,648.818511200241,665.7724575,654149.384425686,5217198.10330628,0.0131379402403286
"X116_Sanremo..SR.",2000,"Mediterranean",1990,1990,2006,804.849069056049,800.2486985,637814.171622805,5204836.38439301,0.0130880971292924
"X116_Santo.Stefano.al.Mare..SS.",2000,"Mediterranean",1990,1990,2006,214.213103264115,371.4641859,647689.839002489,5211900.07567294,0.013070805178802
"X116_Savona..SV.",2000,"Mediterranean",1990,1990,2006,12.374975181942,23.27486156,691041.664164461,5258487.40526528,0.0882170643011391
"X116_Vado.Ligure..VA.",2000,"Mediterranean",1990,1990,2006,32.4435686984805,53.28723489,689069.954036243,5257690.97757629,0.0131354843791929
"X116_Ventimiglia..VM.",2000,"Mediterranean",1990,1990,2006,177.621211964519,242.4213284,623483.975825595,5201411.7560733,0.0130997974574754
"X12_CB5.4W",2000,"Temperate Northern Atlantic West",1984,1984,2015,8.278649110492,44.7660012,-6605533.14704504,4543564.01991652,0.0160832505675797
"X12_CB6.3",2000,"Temperate Northern Atlantic West",1984,1984,2015,57.7837859551611,105.7230028,-6616142.51181559,4498068.90887161,-0.0914872530822757
"X12_CB7.1",2000,"Temperate Northern Atlantic West",1984,1984,2015,377.791001532501,511.371011,-6586349.8656121,4528858.44919938,-0.00644965296130086
"X12_CB7.1N",2000,"Temperate Northern Atlantic West",1984,1984,2015,252.772267658905,547.965015,-6579959.70656724,4539228.34972947,-0.0321539318723655
"X12_CB7.1S",2000,"Temperate Northern Atlantic West",1984,1984,2015,113.668321201545,233.617505,-6597938.7934384,4517289.43749349,-0.0310400002558954
"X12_CB7.2E",2000,"Temperate Northern Atlantic West",1984,1984,2015,122.666422903208,178.6050042,-6604414.79087914,4498068.90887161,-0.00645170522300376
"X12_CB7.3E",2000,"Temperate Northern Atlantic West",1984,1984,2015,139.191959403241,251.8695051,-6616990.86973899,4477349.84319446,-0.13183988682641
"X12_CB8.1",2000,"Temperate Northern Atlantic West",1984,1984,2015,0.849329928798931,3.0915001,-6639661.95532328,4450873.26684064,-0.00429095070431758
"X12_EE3.2",2000,"Temperate Northern Atlantic West",1984,1984,2015,785.595844420603,1483.632041,-6564208.79093827,4562397.50746794,-0.0065374356769741
"X12_EE3.3",2000,"Temperate Northern Atlantic West",1984,1984,2015,0.000426859722646,1.755,-6552653.6301789,4558068.90635699,0.297097334684491
"X12_EE3.4",2000,"Temperate Northern Atlantic West",1984,1984,2015,53.5460295773624,348.0300094,-6556672.2073979,4554302.30061124,-0.0889629680734049
"X12_EE3.5",2000,"Temperate Northern Atlantic West",1984,1984,2015,716.239015884635,1089.783028,-6567488.95115593,4541647.33715811,-0.00644867389255335
"X12_ET9.1",2000,"Temperate Northern Atlantic West",1984,1984,2015,78.5739590862553,192.1455051,-6554874.44235908,4568555.0336784,0.0625845190268133
"X12_LE3.6",2000,"Temperate Northern Atlantic West",1984,1984,2015,0.655884934062651,14.1840003,-6616738.9480619,4519050.86586033,0.0129712679775347
"X12_LE3.7",2000,"Temperate Northern Atlantic West",1984,1984,2015,54.0636526497937,136.0035034,-6620524.15196449,4510755.3992083,-0.102510761618864
"X12_LE4.3",2000,"Temperate Northern Atlantic West",1984,1984,2015,148.429157730537,203.7195055,-6637816.87267649,4472629.65917085,-0.0516096531153869
"X12_LE5.3",2000,"Temperate Northern Atlantic West",1984,1984,2015,0.210816913322957,0.27,-6649179.50424005,4447578.15083109,-0.443913669994575
"X12_LE5.4",2000,"Temperate Northern Atlantic West",1984,1984,2015,1.20979030826781,40.6935009,-6649179.50424005,4447578.15083109,0.224111761109796
"X12_LE5.5.W",2000,"Temperate Northern Atlantic West",1984,1984,2015,7.66722942795199,46.6200011,-6648293.1933393,4449532.22500815,0.0617140757626056
"X12_WE4.1",2000,"Temperate Northern Atlantic West",1984,1984,2015,1048.53779736939,1438.303539,-6632506.89249681,4484336.71945975,-0.0276327839006538
"X12_WE4.2",2000,"Temperate Northern Atlantic West",1984,1984,2015,282.062651336474,418.0635113,-6636744.1183141,4474994.79040877,-0.0510155662108051
"X12_WE4.3",2000,"Temperate Northern Atlantic West",1984,1984,2015,387.332494472317,605.1735148,-6639929.31369024,4467972.30199289,-0.0880701560252443
"X12_WE4.4",2000,"Temperate Northern Atlantic West",1984,1984,2015,364.552414829034,496.179013,-6642209.90783733,4462944.21294715,-0.0612242108354506
"X125_Gulf.of.Oristano...Area.1",2000,"Mediterranean",2001,2001,2011,4702.58155873657,5600,714585.594963456,4775579.38784127,0.0138435339939302
"X125_Gulf.of.Oristano...Area.2",2000,"Mediterranean",2001,2001,2011,3065.66383149514,5200,714676.894933856,4774484.09366135,0.013811480301541
"X125_Gulf.of.Oristano...Area.3",2000,"Mediterranean",2001,2001,2011,163200.359060203,183000,714554.962176644,4775946.87879403,0.0285382642892317
"X127_Phu.Quoc.Island",2000,"Tropical Indo Pacific",2001,2001,2010,11616.1562931345,12869.83,10313549.8887018,1275006.8841705,-0.00163031889261364
"X137_Moreton.Bay...excluding.Eastern.Banks",2000,"Southern Ocean",2004,2004,2011,NA,7900,14280688.7415058,-3320316.71935439,-0.0176810207142858
"X14_Nisqually.River.Delta",2000,"Temperate North Pacific",2009,2009,2011,55.2468830619409,82.74193548,-9667928.92276302,5566056.80782066,-0.35194604879525
"X140_Ems.Estuary",2000,"Temperate Northern Atlantic East",1996,1996,2009,157.746578605501,259.2771743,502332.801754622,6236714.12808927,-0.0542656978062601
"X142_Elkhorn.Slough",2000,"Temperate North Pacific",1966,1966,2012,11.1385437594657,14.52161759,-10657128.2632404,4436676.56848517,0.0201322912332458
"X143_Northfrisian.Wadden.Sea",2000,"Temperate Northern Atlantic East",1936,1959,2005,13983.751528465,15810,745692.182165472,6460999.86057213,0.0182092892178003
"X149_Mobjack.Bay",2000,"Temperate Northern Atlantic West",1978,1978,2011,3466.45484897436,4432.624113,-6632704.1120967,4483901.90394859,-0.00647115223435463
"X151_Gold.Coast.Broadwater",2000,"Southern Ocean",1987,1987,2005,0,1208,14248758.9416648,-3388760.35534226,0.0173425593333333
"X151_Southern.study.area",2000,"Southern Ocean",1987,1987,2005,288.11713499154,340,14245854.2876169,-3400615.63094826,-0.00407398764867872
"X152_Cap.Corse",2000,"Mediterranean",1960,1960,2011,0,12963,778980.049933452,5103033.17142991,-0.0272756026470588
"X152_Gulf.of.St.Florent",2000,"Mediterranean",1960,1960,2006,14.4035416341552,22.9,781912.599488391,5089752.47271343,0.0131848882561447
"X152_Macinaggio",2000,"Mediterranean",1995,1995,2011,NA,358,780676.602634526,5117673.7303286,-0.00731131537500002
"X154_Carnicobar.Island",2000,"Tropical Indo Pacific",1996,1996,2007,NA,227.2,9223194.48442702,1130381.59106251,0.162769084
"X154_Chidiyatapu",2000,"Tropical Indo Pacific",1996,1996,2007,NA,65,9175011.84268334,1418890.28869435,-0.0142116916363636
"X154_Great.Nicobar.Island",2000,"Tropical Indo Pacific",1996,1996,2007,NA,226.3,9355588.13312662,868957.964719951,0.0359878204545455
"X154_Havelock.Island",2000,"Tropical Indo Pacific",1996,1996,2007,NA,385.7,9194083.55539455,1476630.62229509,0.224209116090909
"X154_Henry.Lawrence.Island",2000,"Tropical Indo Pacific",1996,1996,2007,NA,501.6,9198649.6982398,1497615.11252364,0.149133332272727
"X154_Interview.Island",2000,"Tropical Indo Pacific",1996,1996,2007,NA,3,9143304.87771432,1589660.86035573,-0.217990479272727
"X154_Kalipur",2000,"Tropical Indo Pacific",1996,1996,2007,NA,40.4,9171978.86755381,1629260.10993101,0.000822712272727263
"X154_Little.Andaman.Island",2000,"Tropical Indo Pacific",1996,1996,2007,NA,133.1,9169942.72264569,1325566.6666601,0.109021302
"X154_Nancowrie.Island",2000,"Tropical Indo Pacific",1996,1996,2007,NA,1225.9,9319853.9231642,985061.726396046,0.139513671727273
"X154_Northreef.Island",2000,"Tropical Indo Pacific",1996,1996,2007,NA,18,9141010.09745713,1612853.67388074,-0.217990479363636
"X158_Eastern.Banks",2000,"Southern Ocean",1988,1988,2010,8198.73769781414,8525.628194,14284016.4410981,-3335255.63539481,-0.00485375509710645
"X158_Moreton.Banks",2000,"Southern Ocean",1988,1988,2010,1690.14559138954,1940.815047,14286906.099336,-3330495.58237378,-0.00484937757662106
"X158_Wanga.Wallen",2000,"Southern Ocean",1988,1988,2010,507.059141560645,548.4042553,14275406.1993767,-3341918.60562706,-0.00486039122443712
"X164_Jade.Bay",2000,"Temperate Northern Atlantic East",1935,1975,2008,584.953378011054,1094.688222,588203.311966805,6238014.90583759,0.0182008968136784
"X174_Ba.Province",2000,"Tropical Indo Pacific",1992,1992,2007,79.4683573718336,98.11,17292197.8489356,-2142042.90170337,-0.00142755174105443
"X178_Adelaide.Metropolitan.Coast",2000,"Southern Ocean",1978,1978,2005,0,19040,12258805.3438061,-4220185.18519896,-0.0127387098888889
"X182_Agathi",2000,"Tropical Indo Pacific",2000,2000,2007,NA,440.29,7153130.31255247,1338404.95568176,-0.0628797122857143
"X182_Amini",2000,"Tropical Indo Pacific",2000,2000,2008,NA,71.18,7203003.33175159,1371239.18946742,-0.00552360562499998
"X182_Bangaram.and.Thinnakkara",2000,"Tropical Indo Pacific",2000,2000,2007,NA,69.35,7163724.63029794,1349513.0779674,0.0556995135714286
"X182_Kadamath",2000,"Tropical Indo Pacific",2000,2000,2008,NA,502.85,7207058.82474138,1385076.00685771,0.027538549125
"X182_Kavarathi",2000,"Tropical Indo Pacific",2000,2000,2008,NA,187.06,7203292.87138476,1303969.77549316,-0.02318111175
"X183_Tam.Giang...Cau.Hai.Lagoon",2000,"Tropical Indo Pacific",1999,1999,2009,NA,2450.2,10493470.7314725,2043573.1790523,-0.0840861607
"X184_Cam.Ranh.Bay...Thuy.Trieu.Lagoon",2000,"Tropical Indo Pacific",1996,1996,2007,866.019441695884,1178,10800070.6163532,1466520.058656,-0.00143020777593037
"X187_Kaipara.Harbour...Control.1",2000,"Southern Ocean",2006,2006,2010,0.102942581353938,0.2914,15255289.888447,-4384554.50027416,0.045787837713541
"X187_Kaipara.Harbour...Control.2",2000,"Southern Ocean",2006,2006,2010,0.693390672511367,0.864,15255289.888447,-4384554.50027416,-0.004859769621002
"X187_Kaipara.Harbour...Control.3",2000,"Southern Ocean",2006,2006,2010,0.116297466820879,0.1972,15255289.888447,-4384554.50027416,-0.00486195133838943
"X187_Kaipara.Harbour...Control.4",2000,"Southern Ocean",2006,2006,2010,0.23194503279562,0.2893,15255289.888447,-4384554.50027416,-0.00485745831433692
"X187_Kaipara.Harbour...Control.5",2000,"Southern Ocean",2006,2006,2010,0.13142793023881,0.2503,15255289.888447,-4384554.50027416,0.0611091882263928
"X187_Kaipara.Harbour...Oyster.Farm",2000,"Southern Ocean",2006,2006,2010,0.005181526574223,0.2537,15255289.888447,-4384554.50027416,1.01813870952568
"X188a_Hillsborough.Bay",2000,"Tropical Atlantic",1986,1986,2000,63.8812383300194,68.95522388,-7683030.1825189,3411758.48806102,-0.0557562258380805
"X196_Troia.Peninsula...Sado.Estuary",2000,"Temperate Northern Atlantic East",2006,2006,2010,0.814082173115545,1.085621971,-773008.747643067,4597606.97345769,0.0182147173461346
"X198_Mondego.Estuary",2000,"Temperate Northern Atlantic East",1986,1986,2006,0.156490530883346,15,-761009.314886637,4808121.13921139,0.664637705380747
"X199_Church.Bay",2000,"Temperate Northern Atlantic East",1999,1999,2009,31.9803277725806,221.02,-437665.141901894,6415830.39525852,0.0794952199562162
"X20_Kuroshima.Island",2000,"Tropical Indo Pacific",1977,1977,2005,NA,9.8,11739014.590002,2962640.26848259,0.16110212525
"X201_Tokyo.Bay",2000,"Temperate North Pacific",1980,1980,2005,73.3430409160458,128.3699514,12359855.1690032,4342560.88403903,-0.0111635278771975
"X205_Bahia.de.la.Ascension",2000,"Tropical Atlantic",1988,1988,2007,76949.4710775145,74668.72,-8459361.3424275,2411319.75864541,0.00980684118231799
"X207_Boston.Harbor",2000,"Temperate Northern Atlantic West",1995,1995,2007,51.0402829425557,81.48,-5882242.68203055,5048284.99258392,-0.00644728569810304
"X207_Cape.Pogue..Pocha.and.Caleb.Ponds",2000,"Temperate Northern Atlantic West",1995,1995,2007,227.726974479124,221.29,-5906186.36649892,4945800.19679719,-0.0064715394924996
"X207_Cohasset.Harbor",2000,"Temperate Northern Atlantic West",1995,1995,2007,51.4748907884711,47.35,-5882820.8158949,5038051.08598897,-0.00646319898075524
"X207_Cuttyhunk.Harbor",2000,"Temperate Northern Atlantic West",1995,1995,2007,NA,12.55,-5942912.61693323,4947525.1916432,0.06643906675
"X207_Duxbury.Plymouth.Harbor",2000,"Temperate Northern Atlantic West",1995,1995,2007,879.662898488683,910.27,-5884375.35513542,5010533.22141379,-0.00645097765384984
"X207_East.West.Branch.Westport.River",2000,"Temperate Northern Atlantic West",1995,1995,2007,239.426374002717,273.99,-5948125.6427193,4955330.77627546,-0.00644893208151465
"X207_Gloucester.Harbor",2000,"Temperate Northern Atlantic West",1995,1995,2007,19.6562286230214,21.12,-5853943.27997101,5077444.33690494,-0.00648526068218054
"X207_Hadley.Harbor",2000,"Temperate Northern Atlantic West",1995,1995,2007,0,22.45,-5918882.61996135,4953718.98581554,-0.00363656283333332
"X207_Hamblin.Jehu.Ponds.and.Great.and.Little.Rivers",2000,"Temperate Northern Atlantic West",1995,1995,2007,12.4365603950411,29.91,-5898559.41000747,4958518.9034384,-0.0857878597070518
"X207_Inner.Sippican.Harbor",2000,"Temperate Northern Atlantic West",1995,1995,2007,47.2309800906085,64.26,-5907133.22224204,4956175.32060302,-0.00646545837540486
"X207_Lagoon.Pond",2000,"Temperate Northern Atlantic West",1995,1995,2007,38.873770440311,66.6,-5914354.00838409,4949835.20972549,-0.0339987435483951
"X207_Lake.Tashmoo",2000,"Temperate Northern Atlantic West",1995,1995,2007,22.24417381957,36.89,-5916226.32715031,4952298.9237672,-0.00637576133685326
"X207_Lower.Pleasant.Bay",2000,"Temperate Northern Atlantic West",1995,1995,2007,529.884487738804,521.63,-5845758.54674688,4977702.30384399,-0.00646182686861507
"X207_Lynn.Harbor",2000,"Temperate Northern Atlantic West",1995,1995,2007,297.996241104801,289.42,-5878627.52937035,5055215.05349985,-0.00646461585942425
"X207_Madaket.Harbor",2000,"Temperate Northern Atlantic West",1995,1995,2007,278.021887085094,272.48,-5891540.23765979,4932487.91587125,-0.00644013700551772
"X207_Menemsha",2000,"Temperate Northern Atlantic West",1995,1995,2007,166.158772692073,173.2,-5935495.58779982,4938436.43339348,-0.00646540721004694
"X207_Morris.Island",2000,"Temperate Northern Atlantic West",1995,1995,2007,67.959212714152,69.15,-5859497.65125659,4969196.1220226,-0.00645961428846922
"X207_New.Bedford.Outer.Harbor",2000,"Temperate Northern Atlantic West",1995,1995,2007,48.2400419495406,49.32,-5931363.58695666,4954406.90045762,-0.00646097381190806
"X207_Pocasset.Harbor",2000,"Temperate Northern Atlantic West",1995,1995,2007,16.0166939246513,16.73,-5900245.00993593,4958058.15821194,-0.00644877034808678
"X207_Quissett",2000,"Temperate Northern Atlantic West",1995,1995,2007,19.5628007043445,20.93,-5912780.70289191,4954631.627045,-0.0064278707953063
"X207_Ryders.Cove.Crow.Pond.Bassing.Harbor",2000,"Temperate Northern Atlantic West",1995,1995,2007,60.3076038505185,64.29,-5763218.50266865,4979968.71326658,-0.00643543569072994
"X207_Salem.Harbor",2000,"Temperate Northern Atlantic West",1995,1995,2007,17.5678895607383,41.93,-5871596.11217014,5067991.80039836,-0.0445182378283075
"X207_Scituate.Harbor",2000,"Temperate Northern Atlantic West",1995,1995,2007,4.83264136266622,4.84,-5881246.84062984,5034109.27090176,-0.00646378465846226
"X207_Sengekontacket.Pond.Trapps.Pond.Majors.Cove",2000,"Temperate Northern Atlantic West",1995,1995,2007,NA,2.83,-5912642.54899767,4947371.18044255,-0.0182344124166667
"X207_Stage.Harbor.System",2000,"Temperate Northern Atlantic West",1995,1995,2007,81.4567266770193,105.62,-5842462.40491424,4977242.53223562,-0.00646583761654587
"X207_Upper.Pleasant.Bay",2000,"Temperate Northern Atlantic West",1995,1995,2007,95.9690141394046,121.36,-5841819.72888855,4983976.24474393,-0.00644412498312194
"X207_Waquoit.Bay",2000,"Temperate Northern Atlantic West",1995,1995,2007,4.5180114863627,10.23,-5900215.47390178,4958066.23165007,-0.215867084425845
"X207_Wareham.Harbor",2000,"Temperate Northern Atlantic West",1995,1995,2007,1.8755479630413,4.54,-5885527.48224014,4990138.70398083,-0.0890902057596993
"X207_West.Cape.Cod.Canal",2000,"Temperate Northern Atlantic West",1995,1995,2007,123.691486771135,157.99,-5885527.48224014,4990138.70398083,-0.00643887812030827
"X207_West.End.Pond",2000,"Temperate Northern Atlantic West",1995,1995,2007,NA,1.25,-5960193.11710404,4940593.4755057,-0.0655260353333333
"X207_West.Falmouth",2000,"Temperate Northern Atlantic West",1995,1995,2007,22.8580739057465,22.55,-5907131.10724152,4956175.89872145,-0.00645659671696391
"X207_Weweantic.Harbor",2000,"Temperate Northern Atlantic West",1995,1995,2007,12.5214676071977,20.93,-5885527.48224014,4990138.70398083,-0.0196287696964353
"X207_Wild.Harbor",2000,"Temperate Northern Atlantic West",1995,1995,2007,7.41335466160492,8.31,-5904340.77924089,4956938.61250949,-0.00646554259075167
"X208_Cerbere.Banyuls",2000,"Mediterranean",2006,2006,2010,0.016006506818547,0.009568,263317.357654423,5063448.86512728,-0.194538667079015
"X216_Cat.Island",2000,"Tropical Atlantic",2003,2003,2007,33.2635884005668,71.3,-8156734.63834918,3671479.35512664,0.0393981040535126
"X216_East.Ship.Island",2000,"Tropical Atlantic",1963,1963,2007,6.38889229025387,19.4,-8142975.72150467,3669172.74651952,0.146220628973059
"X216_Horn.Island",2000,"Tropical Atlantic",1940,1952,2007,43.7842305893765,82,-8117257.53369571,3671446.86863277,0.0215179972254456
"X216_Petit.Bols.Island",2000,"Tropical Atlantic",1940,1952,2007,13.3516184881462,54.1,-8098088.59850553,3667775.70052719,0.00978653117492178
"X216_West.Ship.Island",2000,"Tropical Atlantic",1963,1963,2007,0.288549318968786,11.1,-8146288.02510901,3668003.1315333,0.132722278001928
"X217_Alligator.Bank..Karumba",2000,"Tropical Indo Pacific",1994,1994,2009,1360.11237830292,1656.521739,13690157.9054125,-2149228.3660206,-0.00156418519395554
"X218_Mumford.Cove",2000,"Temperate Northern Atlantic West",1987,1987,2004,15.3512816570924,26.13613845,-6040482.32381957,4934611.3723195,0.112923246715377
"X221_Devipattinam",2000,"Tropical Indo Pacific",1996,1996,2004,3136.57881257106,3180.24,7849479.63910606,1166993.45483403,-0.00117982336372748
"X221_Munaikkadu",2000,"Tropical Indo Pacific",1996,1996,2004,131.241012642289,123.98,8144807.23616444,947230.505541031,-0.00117913325310348
"X224_Aucilla",2000,"Tropical Atlantic",1984,1984,2006,10837.6342489263,10324,-7698692.1996639,3649759.60849403,0.00961287440827359
"X224_Econfina",2000,"Tropical Atlantic",1984,1984,2006,12256.3801532166,11603,-7693875.04175789,3646712.38482002,0.00961170401507105
"X224_Fenholloway",2000,"Tropical Atlantic",1984,1984,2006,18929.922548143,18609,-7684529.67331597,3639658.76522408,0.00958937628220916
"X224_Horeshoe.Beach.East",2000,"Tropical Atlantic",1984,1984,2006,3870.23707522031,4394,-7662714.73153037,3577255.06376985,0.00961750408826645
"X224_Horeshoe.Beach.West",2000,"Tropical Atlantic",1984,1984,2006,11430.7689827701,11351,-7663483.28943096,3578656.20136238,0.00959110367390188
"X224_Keaton.Beach",2000,"Tropical Atlantic",1984,1984,2006,16723.4571421746,15913,-7675762.91608045,3618643.65789939,0.0095870752248479
"X224_St.Marks.East",2000,"Tropical Atlantic",1984,1984,2006,6373.23783296371,6642,-7712877.39067466,3651197.94511776,0.00959212994661727
"X224_St.Marks.West",2000,"Tropical Atlantic",1984,1984,2006,6323.05149138214,6454,-7713397.26939549,3650956.6438816,0.00960492666821933
"X224_Steinhatchee.North",2000,"Tropical Atlantic",1984,1984,2006,10631.6143570286,10546,-7667154.45677136,3604672.77763534,0.00958302514889185
"X224_Steinhatchee.South",2000,"Tropical Atlantic",1984,1984,2006,10176.8926747799,9584,-7665453.27281268,3598363.26162301,0.00956981225753196
"X224_Suwannee",2000,"Tropical Atlantic",1984,1984,2006,508.838412825209,1263,-7659758.55700751,3561512.41928987,-0.0258654451731895
"X23_Estero.Bay",2000,"Tropical Atlantic",1999,1999,2006,1087.60357342927,1245,-7680113.58274069,3219618.26829385,0.00960726448682032
"X230_Baraulu.Village",2000,"Tropical Indo Pacific",1947,1969,2003,0.84681616240861,0.84,15672423.69843,-1023952.692193,-0.00109823310321753
"X232_Arcachon.Bay...Zostera.marina",2000,"Temperate Northern Atlantic East",1988,1988,2008,0,370,-107172.819138841,5305072.61122247,-0.06198454435
"X232_Arcachon.Bay...Zostera.noltii",2000,"Tropical Atlantic",1989,1989,2007,5947.65008890464,6850,-1591211.23515518,2522103.01603573,0.00979958382076005
"X232_Arguin.Bank...Zostera.marina",2000,"Temperate Northern Atlantic East",1988,1988,2008,0,9,-107172.819138841,5305072.61122247,-0.0715373062
"X232_Arguin.Bank...Zostera.noltii",2000,"Tropical Atlantic",2005,2005,2007,0,5,-1591211.23515518,2522103.01603573,0
"X233_Bourgneuf.Bay",2000,"Temperate Northern Atlantic East",1991,1991,2005,356.37408942513,586,-171069.162560287,5555784.3927511,0.0182462859179533
"X237_List.Tidal.Basin",2000,"Temperate Northern Atlantic East",2003,2003,2003,NA,228.4,591358.154870104,6371390.82118816,NA
"X24_MNS",2000,"Tropical Indo Pacific",1950,1966,2015,0.58387800251043,0.6985,5302752.99086777,-2581896.038683,-0.00155726728632633
"X24_PAS",2000,"Tropical Indo Pacific",1950,1966,2015,0.051504809731687,0.6835,5302495.23829259,-2584503.09113723,0.182376653613571
"X24_PLA",2000,"Tropical Indo Pacific",1950,1966,2014,0.028204226226086,0.3395,5303102.76645749,-2585795.48528341,0.124372742840592
"X241_Terschelling",2000,"Temperate Northern Atlantic East",1990,1990,2004,2.04849431904373,23.1343284,383282.286147083,6228189.50836501,-1.00484909120285
"X242_Chesapeake.Bay",2000,"Temperate Northern Atlantic West",1984,1984,2007,9532.00832879174,12439.02439,-6603760.68530638,4516237.09242989,-0.00647896896381538
"X242_Chincoteague.Bay",2000,"Temperate Northern Atlantic West",1986,1986,2007,5265.50744915815,6821.362799,-6508070.23822338,4567814.75393697,-0.0259410589790053
"X242_Virginia.Coastal.Bays",2000,"Temperate Northern Atlantic West",2001,2001,2007,36.6024677626389,590.0917431,-6582713.76770919,4497895.55399681,0.443002411782152
"X244_Bottelary",2000,"Southern Ocean",1968,1968,2007,8.58421183886992,17.68476621,1624021.04363392,-4009919.13929738,-0.00484699883516162
"X244_Centre.Bank",2000,"Southern Ocean",1960,1960,2007,0.024205934247605,0.031832579,1619723.81636384,-4007008.82242072,-0.00485662642065024
"X244_Klein.Oesterwal",2000,"Southern Ocean",1960,1960,2007,0.002147094419299,0.020324284,1620099.70608379,-4006238.24278657,-0.148678827223353
"X244_Oesterwal",2000,"Southern Ocean",1960,1960,2007,0.00319361184484,0.007865762,1621286.92095897,-4007843.59145168,-0.0306506329954957
"X259_Kungalv",2000,"Temperate Northern Atlantic East",1980,1980,2004,112.246070192695,651.0158014,781322.840172318,6663042.57942602,-0.0721089572095158
"X259_Lysekil",2000,"Temperate Northern Atlantic East",1980,1980,2004,139.36543745815,145.3724605,761731.998630162,6706219.37780496,0.0182078780369213
"X259_Stenungsund",2000,"Temperate Northern Atlantic East",1980,1980,2004,312.436065615042,293.9051919,770271.711090472,6684096.44618754,0.018206118472516
"X259_Stromstad",2000,"Temperate Northern Atlantic East",1980,1980,2004,141.446365045284,191.1963883,730770.797552167,6766804.74847443,0.00512605815666617
"X259_Uddevalla",2000,"Temperate Northern Atlantic East",1980,1980,2004,154.970414242701,385.5530474,755573.735170077,6713429.58544498,-0.0252636917085356
"X260_Terminal.Flats",2000,"Tropical Atlantic",2001,2001,2003,179.6628721994,184.5,-9014250.92937233,3394916.97122882,0.00913987540480625
"X264_Great.Bay.Estuary",2000,"Temperate Northern Atlantic West",1992,1992,2006,0,1000,-5834046.51524336,5121565.34514014,-0.0146281723571429
"X265_Nakdong.River.Estuary",2000,"Temperate North Pacific",1985,1985,2005,0,1360,11413262.1380931,4228609.64412189,-0.18604679355
"X284_Yaquina.Estuary",2000,"Temperate North Pacific",1998,1998,2007,0,140.7,-10059518.1359813,5298186.46056668,0.0235442228888888
"X286_Chausey.Archipelago",2000,"Temperate Northern Atlantic East",1924,1953,2002,226.817084771945,763,-140656.91545863,5756036.22259655,0.018219303516614
"X288a_Cartagena.Bay",2000,"Tropical Atlantic",1940,1954,2001,145.930187059873,1011,-7495720.46791396,1272457.02747869,0.00791711725401913
"X290_Nothfrisian.Wadden.Sea",2000,"Temperate Northern Atlantic East",1978,1978,2006,5312.66003502404,10051.76471,745692.182165472,6460999.86057213,0.0181856599306137
"X293_Gulf.of.Mannar",2000,"Tropical Indo Pacific",2000,2000,2004,NA,1856.51,7901927.91354957,1126772.38809123,-0.0773502875000001
"X298_Saipan.Lagoon",2000,"Tropical Indo Pacific",2004,2004,2004,NA,1092,14286091.434737,1868600.07559332,NA
"X306_Maryland.Coastal.Bays",2000,"Temperate Northern Atlantic West",1986,1986,2004,3939.81230278921,4812.5,-6493808.395113,4584938.84362465,0.0210230052391874
"X307_Figuerolles",2000,"Mediterranean",1944,1998,2004,0.002595974102597,22.43,412584.317625371,5158805.5762616,0.562739800073141
"X307_Martigues",2000,"Mediterranean",1944,1992,2004,0.057975465004671,13.59,414007.914670833,5158547.06885825,-0.152609927980806
"X307_Pointe.de.Berre",2000,"Mediterranean",1944,1992,2004,1.04701482648909,84.17,420309.487545974,5157402.7821051,-0.0673467536019376
"X307_Pointe.de.l.Arc",2000,"Mediterranean",1992,1992,2004,0.113934597964579,6.32,416102.088827073,5158166.79304565,0.180947527039772
"X31_Knysna.Estuary",2000,"Southern Ocean",2007,2007,2007,NA,254,2054844.19574685,-4113353.90744756,NA
"X31_Swartkops",2000,"Southern Ocean",1939,1957,2012,137.745368642385,44.7,2286215.20483081,-4097049.06338833,-0.0827423690664046
"X312_Central.Sector",2000,"Mediterranean",1986,1986,2001,79.7224374503096,86.3,756018.93632403,5254076.98069403,0.0118247431253748
"X312_Northern.Sector",2000,"Mediterranean",1986,1986,2001,122.626810552209,201.1,752186.889349933,5256077.4339695,0.0118558215252246
"X312_Southern.Sector",2000,"Mediterranean",1986,1986,2001,121.722543822142,120.5,759127.136923641,5252454.39879136,0.0117143638283813
"X313_Lake.Nakaumi",2000,"Temperate North Pacific",1955,1955,2002,0.157856384132551,1600,11752037.5513573,4283575.97214995,2.00733010714563
"X320_North.Haven",2000,"Temperate Northern Atlantic East",1982,1982,2004,0.745308846629161,0.7652,-392350.095526046,6054221.97219774,0.0182369123271934
"X323_Central.Area",2000,"Mediterranean",1959,1959,2005,933.567297887961,3255.079007,1104735.62725294,4926347.35643984,0.00239618528808484
"X323_Eastern.Area",2000,"Mediterranean",1959,1959,2005,1350.68968494262,2359.813084,1118334.85437385,4924789.87017506,0.0129373399097449
"X323_Western.Area",2000,"Mediterranean",1959,1959,2005,1321.38325551231,1663.366337,1099218.28539061,4925704.99457566,0.0129347944677951
"X327_Vieques",2000,"Tropical Atlantic",1937,1959,2000,67.4387742971186,84.7398844,-6353472.96741327,2227526.30468227,0.00934640583200796
"X328_Tampa.Bay",2000,"Tropical Atlantic",1950,1982,2004,11273.3701902974,16457.14286,-7694049.83561424,3382627.32943497,0.00911085640549682
"X36_Kees.Bayou",2000,"Tropical Atlantic",2004,2004,2012,1.40042402014732,1.5618,-8003158.58209715,3676998.59814869,0.0112157583155321
"X36_State.Park",2000,"Tropical Atlantic",2004,2004,2012,0.201804014227761,0.75192,-7997356.18463438,3677775.23317001,0.140683420731533
"X363_Leyte...Samar",2000,"Tropical Indo Pacific",2000,2000,2014,231.592644038025,421,12387969.8899081,1381575.99737195,-0.00155762215435392
"X37_All.Lake.Macquarie",2000,"Southern Ocean",1953,1953,2009,1688.99466330151,2548,13619034.3162458,-4006631.33726049,-0.00485635924492129
"X37_Tuggerah.Lakes",2000,"Southern Ocean",1985,1985,2009,0,1911,13590206.3487128,-4030458.05106964,-0.00374599929166667
"X38_Cam.Ranh.Bay",2000,"Tropical Indo Pacific",1996,1996,2015,240.562442263769,261.3,10799823.0070149,1468177.54868367,-0.00155442489531617
"X41_North.control",2000,"Tropical Atlantic",2006,2006,2013,0.553070417720558,0.7823,-8075276.66361159,3686947.00602203,-0.084471917778304
"X41_Pairs.1...2",2000,"Tropical Atlantic",2006,2006,2013,0.465086200493007,1.3998,-8076395.79055753,3687138.50465549,0.141591332402397
"X41_Pairs.3...4",2000,"Tropical Atlantic",2006,2006,2013,0.794704459172567,5.0662,-8075766.02471538,3687030.7427089,0.151898069884608
"X41_South.control",2000,"Tropical Atlantic",2006,2006,2013,0.410790410850764,0.9001,-8076559.27321269,3687166.47887697,-0.0410509218663052
"X47_Straits.of.Johor",2000,"Tropical Indo Pacific",1989,1989,2014,2153.63595709933,3334.05,10370451.6928469,154561.275940096,-0.0015546003084599
"X6_Area.A",2000,"Temperate Northern Atlantic East",1984,1984,2015,1.36344665867835,23.13917239,-308384.232394553,5170259.49360647,0.204618766337167
"X6_Area.B",2000,"Temperate Northern Atlantic East",1984,1984,2015,4.41740921484231,21,-309152.931750039,5171218.78017669,0.0672823971630245
"X6_Area.C",2000,"Temperate Northern Atlantic East",1984,1984,2015,12.2590523207827,66.62650602,-310875.764432099,5170297.17567906,0.107933104345382
"X6_Area.D",2000,"Temperate Northern Atlantic East",1984,1984,2003,16.8299998359787,20.43478261,-313336.286102818,5169843.24632684,0.0181951258844045
"X62_Paka..Terengganu..lagoon",2000,"Tropical Indo Pacific",1988,1988,2014,38.5954523611158,52.0617626,10199202.9651252,767917.40330758,-0.00156438398411861
"X62_Pengkalan.Nangka..Kelantan..lagoon",2000,"Tropical Indo Pacific",1998,1998,2014,26.0025553635595,37.37272883,10345310.5154229,574706.755195487,-0.00156353535913418
"X62_Punang.Sari.estuary..Lawas.",2000,"Tropical Indo Pacific",2000,1998,2014,47.2644407518462,269.9560967,11501771.4747097,641706.750307682,0.0446310972702905
"X65_Patch.1...McCormacks.Beach",2000,"Temperate Northern Atlantic West",2008,2008,2010,0,0.001059501,-5149313.3834043,5295103.91105332,0.4702186935
"X65_Patch.2...McCormacks.Beach",2000,"Temperate Northern Atlantic West",2008,2008,2010,0,0.000582,-5149313.3834043,5295103.91105332,0.3446363075
"X65_Patch.3...McCormacks.Beach",2000,"Temperate Northern Atlantic West",2008,2008,2010,0,0.003384428,-5149313.3834043,5295103.91105332,0.117303865
"X65_Patch.4...McCormacks.Beach",2000,"Temperate Northern Atlantic West",2008,2008,2010,0,0.000185,-5149313.3834043,5295103.91105332,0
"X66_Yaquina.Estuary",2000,"Temperate North Pacific",1997,1997,2007,117.639182749247,145.2158712,-10059190.5710648,5298576.6303497,-0.0170546406058462
"X67_Albania",2000,"Mediterranean",2007,2007,2008,0,5710,1628841.27182204,4888853.50656121,-0.158432649
"X67_France.Monaco",2000,"Mediterranean",1980,1980,2011,NA,96783,467044.027095123,5136263.45492032,-0.000847361612903212
"X67_Italy",2000,"Mediterranean",1990,1990,2005,NA,395298,1426802.6526722,4805564.54322067,-0.00962600999999997
"X67_Spain",2000,"Mediterranean",1993,1993,2011,0,222254,-44775.7912689968,4580240.35034788,-0.0128863349999999
"X67_Tunisia",2000,"Mediterranean",1972,1972,2010,NA,531844,955354.741185519,4181960.24148423,-0.000600042894736843
"X7_Total.area",2000,"Tropical Indo Pacific",2008,2008,2013,NA,5.26,10478003.9042689,2626578.73144835,0.0269364224
"X71_Cairns.Harbour",2000,"Tropical Indo Pacific",2001,2001,2012,695.004146096364,1486.812825,14221830.4219756,-2074122.76926275,-0.0729723768400727
"X74_Jangheung.Bay",2000,"Temperate North Pacific",1990,1990,2012,469.234486841153,634.9808429,11286399.0764426,4157715.18032293,-0.0191996037958421
"X8_Roviana.Lagoon",2000,"Tropical Indo Pacific",2006,2006,2014,232.086139142637,257.5,15651119.7591468,-1025344.7515552,-0.00195113192083352
"X83_Northern.Deception.Bay",2000,"Southern Ocean",2008,2008,2012,189.626747460859,225.8,14283048.238963,-3300606.82083398,-0.0048640388334518
"X87_Tampa.Bay",2000,"Tropical Atlantic",1950,1982,2012,11507.8551443839,16350.27574,-7694034.37448491,3382852.66391859,0.010228047093853
"X89_Izembek.Lagon",2000,"Temperate North Pacific",1978,1978,2002,16060.7495683748,16816,-11467159.212521,6420535.95605009,-0.0176094930892274
"X96_Lagoon",2000,"Tropical Indo Pacific",1959,1959,2003,32.9920858751654,39.52,14242886.9009066,-2060887.43371549,0.0519664957495439
"X96_Reef.Flat",2000,"Tropical Indo Pacific",1992,1992,2003,113.363998330488,112.1,14242886.9009066,-2060887.43371549,-0.00110259232557141
